{"data_bins":{"natural_breaks":{"insecurity_data":{"insecurity_2018":[0.048,0.08,0.103,0.126,0.154,0.195],"insecurity_2018_child":[0.064,0.107,0.145,0.182,0.233,0.324],"insecurity_2020_child_projected":[0.142,0.199,0.246,0.286,0.336,0.413],"insecurity_2020_projected":[0.092,0.116,0.14,0.159,0.189,0.24]},"poverty_population_poverty":[0.049685,0.100333,0.135185,0.166836,0.222476,0.302174],"poverty_population_poverty_child":[0.010691,0.030407,0.043205,0.055403,0.072018,0.126242],"snap_data":{"2019":{"age_0-4":{"race_asian":[0.0,7.0,22.0,117.0,524.0,1739.0],"race_black":[0.0,209.0,935.0,1913.0,2878.0,29621.0],"race_hispaniclatino":[0.0,118.0,496.0,1914.0,2805.0,19251.0],"race_native":[0.0,1.0,5.0,14.0,33.0,263.0],"race_pacific":[0.0,1.0,4.0,9.0,22.0,258.0],"race_unknown":[10.0,562.0,1499.0,2746.0,4494.0,41914.0],"race_white":[16.0,265.0,658.0,1684.0,3296.0,22422.0]},"age_18-65":{"race_asian":[0.0,55.0,248.0,771.0,2802.0,10652.0],"race_black":[2.0,2174.0,5940.0,10611.0,15584.0,218373.0],"race_hispaniclatino":[2.0,236.0,999.0,4106.0,5743.0,50983.0],"race_native":[0.0,20.0,59.0,107.0,160.0,1167.0],"race_pacific":[0.0,9.0,30.0,64.0,101.0,1377.0],"race_unknown":[3.0,424.0,1420.0,3528.0,4316.0,52352.0],"race_white":[236.0,2069.0,4622.0,9803.0,16202.0,102479.0]},"age_5-17":{"race_asian":[0.0,17.0,59.0,232.0,1227.0,3434.0],"race_black":[0.0,414.0,1524.0,3106.0,4667.0,51712.0],"race_hispaniclatino":[0.0,470.0,1812.0,4456.0,6569.0,43465.0],"race_native":[0.0,4.0,10.0,26.0,54.0,539.0],"race_pacific":[0.0,3.0,12.0,25.0,35.0,325.0],"race_unknown":[17.0,1256.0,3931.0,8207.0,11934.0,129794.0],"race_white":[46.0,935.0,2280.0,4043.0,7229.0,47158.0]},"age_66+":{"race_asian":[0.0,68.0,171.0,820.0,2382.0,11225.0],"race_black":[0.0,149.0,461.0,926.0,1598.0,31750.0],"race_hispaniclatino":[0.0,132.0,414.0,1302.0,1749.0,19507.0],"race_native":[0.0,1.0,4.0,10.0,21.0,134.0],"race_pacific":[0.0,0.0,2.0,5.0,23.0,462.0],"race_unknown":[0.0,30.0,94.0,253.0,686.0,10119.0],"race_white":[27.0,517.0,1441.0,2822.0,3621.0,34723.0]}},"2020":{"age_0-4":{"race_asian":[0.0,9.0,43.0,138.0,517.0,1845.0],"race_black":[0.0,210.0,1100.0,1875.0,2894.0,29248.0],"race_hispaniclatino":[0.0,243.0,969.0,1938.0,2889.0,19413.0],"race_native":[0.0,3.0,11.0,25.0,37.0,317.0],"race_pacific":[0.0,1.0,6.0,13.0,35.0,431.0],"race_unknown":[12.0,660.0,1770.0,3269.0,4637.0,46992.0],"race_white":[17.0,230.0,649.0,1579.0,3378.0,22506.0]},"age_18-65":{"race_asian":[0.0,163.0,671.0,936.0,3348.0,13081.0],"race_black":[1.0,2404.0,7529.0,12559.0,18527.0,264792.0],"race_hispaniclatino":[3.0,377.0,1388.0,4992.0,8620.0,89528.0],"race_native":[0.0,21.0,55.0,92.0,193.0,1885.0],"race_pacific":[0.0,13.0,39.0,102.0,172.0,2457.0],"race_unknown":[5.0,599.0,1741.0,4512.0,5572.0,71614.0],"race_white":[260.0,2220.0,5100.0,11257.0,18353.0,131469.0]},"age_5-17":{"race_asian":[0.0,26.0,77.0,325.0,1428.0,4672.0],"race_black":[0.0,478.0,1689.0,3606.0,5542.0,59628.0],"race_hispaniclatino":[0.0,511.0,1952.0,5537.0,7312.0,51805.0],"race_native":[0.0,4.0,14.0,32.0,70.0,671.0],"race_pacific":[0.0,3.0,11.0,24.0,57.0,504.0],"race_unknown":[25.0,1326.0,4136.0,9149.0,13040.0,141862.0],"race_white":[45.0,1017.0,2574.0,4502.0,8090.0,55595.0]},"age_66+":{"race_asian":[0.0,47.0,172.0,866.0,2544.0,12003.0],"race_black":[0.0,185.0,511.0,1112.0,1869.0,36680.0],"race_hispaniclatino":[0.0,104.0,447.0,1121.0,1827.0,20950.0],"race_native":[0.0,1.0,5.0,13.0,24.0,185.0],"race_pacific":[0.0,1.0,6.0,28.0,37.0,591.0],"race_unknown":[0.0,40.0,110.0,293.0,775.0,11153.0],"race_white":[31.0,583.0,1673.0,2954.0,4053.0,37469.0]}}},"wic_participation_children_data":{"hispanic_or_latino":[0.0,226.0,751.0,2335.0,3246.0,15714.0],"race_amer_indian_or_alaskan_native":[0.0,1.0,5.0,11.0,17.0,44.0],"race_asian":[0.0,22.0,107.0,174.0,576.0,2372.0],"race_black":[0.0,143.0,373.0,576.0,1323.0,9618.0],"race_multiracial":[0.0,14.0,39.0,85.0,154.0,249.0],"race_native_hawaii_or_pacific_islander":[0.0,0.0,2.0,5.0,11.0,34.0],"race_white":[13.0,239.0,635.0,1414.0,3619.0,20835.0],"total":[14.0,307.0,832.0,1724.0,4198.0,32626.0]},"wic_participation_infants_data":{"hispanic_or_latino":[0.0,87.0,440.0,1278.0,1705.0,8933.0],"race_amer_indian_or_alaskan_native":[0.0,1.0,5.0,11.0,21.0,51.0],"race_asian":[0.0,20.0,51.0,75.0,199.0,949.0],"race_black":[0.0,94.0,339.0,551.0,1132.0,7702.0],"race_multiracial":[0.0,17.0,54.0,93.0,132.0,181.0],"race_native_hawaii_or_pacific_islander":[0.0,0.0,2.0,4.0,9.0,57.0],"race_white":[6.0,199.0,503.0,936.0,1945.0,11086.0],"total":[7.0,208.0,540.0,1234.0,2276.0,19674.0]},"wic_participation_total_data":{"hispanic_or_latino":[0.0,496.0,1541.0,4789.0,6543.0,31754.0],"race_amer_indian_or_alaskan_native":[0.0,3.0,12.0,30.0,49.0,128.0],"race_asian":[0.0,54.0,218.0,325.0,986.0,4165.0],"race_black":[0.0,294.0,787.0,1880.0,3192.0,22679.0],"race_multiracial":[0.0,43.0,119.0,208.0,309.0,518.0],"race_native_hawaii_or_pacific_islander":[0.0,2.0,8.0,14.0,28.0,129.0],"race_white":[25.0,719.0,2226.0,4587.0,7369.0,40919.0],"total":[27.0,618.0,1746.0,3848.0,8566.0,67495.0]},"wic_participation_women_data":{"hispanic_or_latino":[0.0,128.0,350.0,931.0,1592.0,7107.0],"race_amer_indian_or_alaskan_native":[0.0,0.0,2.0,6.0,17.0,33.0],"race_asian":[0.0,12.0,50.0,76.0,211.0,844.0],"race_black":[0.0,66.0,186.0,391.0,737.0,5359.0],"race_multiracial":[0.0,4.0,11.0,33.0,55.0,88.0],"race_native_hawaii_or_pacific_islander":[0.0,0.0,2.0,6.0,11.0,38.0],"race_white":[4.0,183.0,515.0,1043.0,1805.0,8998.0],"total":[5.0,163.0,446.0,890.0,2092.0,15195.0]}},"quantiles":{"insecurity_data":{"insecurity_2018":[0.048,0.0912,0.102,0.114,0.1276,0.195],"insecurity_2018_child":[0.064,0.1282,0.1518,0.1646,0.1928,0.324],"insecurity_2020_child_projected":[0.142,0.2004,0.2234,0.2398,0.274,0.413],"insecurity_2020_projected":[0.092,0.129,0.1394,0.154,0.171,0.24]},"poverty_population_poverty":[0.049685,0.099141,0.123814,0.144318,0.163689,0.302174],"poverty_population_poverty_child":[0.010691,0.026607,0.037278,0.041895,0.053474,0.126242],"snap_data":{"2019":{"age_0-4":{"race_asian":[0.0,0.0,0.0,1.0,5.8,1739.0],"race_black":[0.0,4.0,10.0,28.8,174.0,29621.0],"race_hispaniclatino":[0.0,2.0,5.0,17.0,84.0,19251.0],"race_native":[0.0,0.0,0.4,2.0,3.0,263.0],"race_pacific":[0.0,0.0,0.0,0.0,2.0,258.0],"race_unknown":[10.0,54.0,106.0,234.8,560.6,41914.0],"race_white":[16.0,84.2,150.8,295.8,605.6,22422.0]},"age_18-65":{"race_asian":[0.0,1.0,2.0,5.599999999999994,20.200000000000045,10652.0],"race_black":[2.0,14.0,36.80000000000001,123.59999999999997,810.600000000001,218373.0],"race_hispaniclatino":[2.0,7.0,18.0,42.599999999999994,229.40000000000038,50983.0],"race_native":[0.0,2.0,5.0,8.599999999999994,28.600000000000023,1167.0],"race_pacific":[0.0,0.0,1.0,3.0,6.800000000000011,1377.0],"race_unknown":[3.0,43.0,88.0,170.79999999999995,480.8000000000008,52352.0],"race_white":[236.0,650.2,1172.4000000000005,2037.6,4581.000000000003,102479.0]},"age_5-17":{"race_asian":[0.0,0.0,0.0,2.0,9.0,3434.0],"race_black":[0.0,7.2,18.0,56.6,271.0,51712.0],"race_hispaniclatino":[0.0,6.0,13.4,44.8,173.6,43465.0],"race_native":[0.0,0.0,1.0,3.0,9.8,539.0],"race_pacific":[0.0,0.0,0.0,1.0,3.0,325.0],"race_unknown":[17.0,128.2,279.2,552.6,1656.8,129794.0],"race_white":[46.0,178.8,339.6,573.4,1291.0,47158.0]},"age_66+":{"race_asian":[0.0,0.0,0.0,2.0,8.0,11225.0],"race_black":[0.0,1.0,2.0,7.6,66.4,31750.0],"race_hispaniclatino":[0.0,1.0,2.0,6.0,27.8,19507.0],"race_native":[0.0,0.0,0.0,0.0,2.0,134.0],"race_pacific":[0.0,0.0,0.0,0.0,1.0,462.0],"race_unknown":[0.0,2.0,4.0,9.0,26.4,10119.0],"race_white":[27.0,98.6,162.8,297.2,613.8,34723.0]}},"2020":{"age_0-4":{"race_asian":[0.0,0.0,1.0,2.0,7.6,1845.0],"race_black":[0.0,4.0,8.4,29.6,174.4,29248.0],"race_hispaniclatino":[0.0,2.0,6.4,17.2,87.0,19413.0],"race_native":[0.0,0.0,0.4,1.0,4.0,317.0],"race_pacific":[0.0,0.0,0.0,1.0,3.0,431.0],"race_unknown":[12.0,59.6,112.4,236.2,649.8,46992.0],"race_white":[17.0,88.6,160.8,290.8,601.4,22506.0]},"age_18-65":{"race_asian":[0.0,1.0,3.0,7.0,25.0,13081.0],