{"data_bins":{"natural_breaks":{"insecurity_data":{"insecurity_2018":[0.048,0.08,0.103,0.126,0.154,0.195],"insecurity_2018_child":[0.064,0.107,0.145,0.182,0.233,0.324],"insecurity_2020_child_projected":[0.142,0.199,0.246,0.286,0.336,0.413],"insecurity_2020_projected":[0.092,0.116,0.14,0.159,0.189,0.24]},"poverty_population_poverty":[0.049685,0.100333,0.135185,0.166836,0.222476,0.302174],"poverty_population_poverty_child":[0.010691,0.030407,0.043205,0.055403,0.072018,0.126242],"wic_participation_children_data":{"hispanic_or_latino":[0.0,226.0,751.0,2335.0,3246.0,15714.0],"race_amer_indian_or_alaskan_native":[0.0,1.0,5.0,11.0,17.0,44.0],"race_asian":[0.0,22.0,107.0,174.0,576.0,2372.0],"race_black":[0.0,143.0,373.0,576.0,1323.0,9618.0],"race_multiracial":[0.0,14.0,39.0,85.0,154.0,249.0],"race_native_hawaii_or_pacific_islander":[0.0,0.0,2.0,5.0,11.0,34.0],"race_white":[13.0,239.0,635.0,1414.0,3619.0,20835.0],"total":[14.0,307.0,832.0,1724.0,4198.0,32626.0]},"wic_participation_infants_data":{"hispanic_or_latino":[0.0,87.0,440.0,1278.0,1705.0,8933.0],"race_amer_indian_or_alaskan_native":[0.0,1.0,5.0,11.0,21.0,51.0],"race_asian":[0.0,20.0,51.0,75.0,199.0,949.0],"race_black":[0.0,94.0,339.0,551.0,1132.0,7702.0],"race_multiracial":[0.0,17.0,54.0,93.0,132.0,181.0],"race_native_hawaii_or_pacific_islander":[0.0,0.0,2.0,4.0,9.0,57.0],"race_white":[6.0,199.0,503.0,936.0,1945.0,11086.0],"total":[7.0,208.0,540.0,1234.0,2276.0,19674.0]},"wic_participation_total_data":{"hispanic_or_latino":[0.0,496.0,1541.0,4789.0,6543.0,31754.0],"race_amer_indian_or_alaskan_native":[0.0,3.0,12.0,30.0,49.0,128.0],"race_asian":[0.0,54.0,218.0,325.0,986.0,4165.0],"race_black":[0.0,294.0,787.0,1880.0,3192.0,22679.0],"race_multiracial":[0.0,43.0,119.0,208.0,309.0,518.0],"race_native_hawaii_or_pacific_islander":[0.0,2.0,8.0,14.0,28.0,129.0],"race_white":[25.0,719.0,2226.0,4587.0,7369.0,40919.0],"total":[27.0,618.0,1746.0,3848.0,8566.0,67495.0]},"wic_participation_women_data":{"hispanic_or_latino":[0.0,128.0,350.0,931.0,1592.0,7107.0],"race_amer_indian_or_alaskan_native":[0.0,0.0,2.0,6.0,17.0,33.0],"race_asian":[0.0,12.0,50.0,76.0,211.0,844.0],"race_black":[0.0,66.0,186.0,391.0,737.0,5359.0],"race_multiracial":[0.0,4.0,11.0,33.0,55.0,88.0],"race_native_hawaii_or_pacific_islander":[0.0,0.0,2.0,6.0,11.0,38.0],"race_white":[4.0,183.0,515.0,1043.0,1805.0,8998.0],"total":[5.0,163.0,446.0,890.0,2092.0,15195.0]}},"quantiles":{"insecurity_data":{"insecurity_2018":[0.048,0.0912,0.102,0.114,0.1276,0.195],"insecurity_2018_child":[0.064,0.1282,0.1518,0.1646,0.1928,0.324],"insecurity_2020_child_projected":[0.142,0.2004,0.2234,0.2398,0.274,0.413],"insecurity_2020_projected":[0.092,0.129,0.1394,0.154,0.171,0.24]},"poverty_population_poverty":[0.049685,0.099141,0.123814,0.144318,0.163689,0.302174],"poverty_population_poverty_child":[0.010691,0.026607,0.037278,0.041895,0.053474,0.126242],"wic_participation_children_data":{"hispanic_or_latino":[0.0,2.0,6.0,17.0,83.0,15714.0],"race_amer_indian_or_alaskan_native":[0.0,0.0,0.0,0.0,3.0,44.0],"race_asian":[0.0,0.0,0.0,1.0,7.0,2372.0],"race_black":[0.0,4.0,7.0,19.0,97.0,9618.0],"race_multiracial":[0.0,1.0,4.0,10.0,30.0,249.0],"race_native_hawaii_or_pacific_islander":[0.0,0.0,0.0,0.0,1.0,34.0],"race_white":[13.0,64.0,143.0,192.0,411.0,20835.0],"total":[14.0,76.0,145.0,201.0,465.0,32626.0]},"wic_participation_infants_data":{"hispanic_or_latino":[0.0,1.0,4.0,13.0,45.0,8933.0],"race_amer_indian_or_alaskan_native":[0.0,0.0,0.0,1.0,1.0,51.0],"race_asian":[0.0,0.0,0.0,1.0,4.0,949.0],"race_black":[0.0,2.0,4.0,14.0,81.0,7702.0],"race_multiracial":[0.0,1.0,2.0,6.0,31.0,181.0],"race_native_hawaii_or_pacific_islander":[0.0,0.0,0.0,0.0,1.0,57.0],"race_white":[6.0,38.0,69.0,121.0,238.0,11086.0],"total":[7.0,38.0,72.0,133.0,338.0,19674.0]},"wic_participation_total_data":{"hispanic_or_latino":[0.0,5.0,12.0,39.0,153.0,31754.0],"race_amer_indian_or_alaskan_native":[0.0,0.0,0.0,2.0,5.0,128.0],"race_asian":[0.0,0.0,1.0,3.0,11.0,4165.0],"race_black":[0.0,6.0,13.0,39.0,229.0,22679.0],"race_multiracial":[0.0,2.0,6.0,15.0,67.0,518.0],"race_native_hawaii_or_pacific_islander":[0.0,0.0,0.0,1.0,4.0,129.0],"race_white":[25.0,140.0,262.0,420.0,846.0,40919.0],"total":[27.0,148.0,267.0,439.0,1046.0,67495.0]},"wic_participation_women_data":{"hispanic_or_latino":[0.0,1.0,3.0,8.0,32.0,7107.0],"race_amer_indian_or_alaskan_native":[0.0,0.0,0.0,0.0,1.0,33.0],"race_asian":[0.0,0.0,0.0,0.0,2.0,844.0],"race_black":[0.0,0.0,2.0,7.0,41.0,5359.0],"race_multiracial":[0.0,0.0,1.0,2.0,8.0,88.0],"race_native_hawaii_or_pacific_islander":[0.0,0.0,0.0,0.0,1.0,38.0],"race_white":[4.0,27.0,54.0,95.0,200.0,8998.0],"total":[5.0,31.0,57.0,102.0,241.0,15195.0]}}},"data_metrics":{"poverty":{"S1701_C01_001E":"poverty_population_total","S1701_C02_001E":"poverty_population_poverty","S1701_C02_002E":"poverty_population_poverty_child"},"race":{"B03002_001E":"race_total","B03002_003E":"race_white","B03002_004E":"race_black","B03002_005E":"race_native","B03002_006E":"race_asian","B03002_007E":"race_pacific","B03002_008E":"race_other","B03002_009E":"race_twoplus_total","B03002_012E":"race_hispaniclatino_total"}}}